logged_at,forecast_updated,rainfall_updated,areas_total,areas_forecast_rain,gauges_total,gauges_wet
2026-07-07T00:38:19,2026-07-07T01:00:00+08:00,2026-07-07T08:30:00+08:00,47,0,77,0
2026-07-07T03:24:51,2026-07-07T01:00:00+08:00,2026-07-07T11:15:00+08:00,47,0,77,30
2026-07-07T03:31:15,2026-07-07T01:00:00+08:00,2026-07-07T11:20:00+08:00,47,0,77,26
2026-07-07T03:36:59,2026-07-07T01:00:00+08:00,2026-07-07T11:30:00+08:00,47,0,77,24
2026-07-07T04:45:05,2026-07-07T01:00:00+08:00,2026-07-07T12:30:00+08:00,47,0,77,0
2026-07-07T13:42:09+08:00,2026-07-07T01:00:00+08:00,2026-07-07T13:35:00+08:00,47,0,76,2
2026-07-07T13:45:53+08:00,2026-07-07T01:00:00+08:00,2026-07-07T13:35:00+08:00,47,0,76,2
2026-07-07T13:50:31+08:00,2026-07-07T01:00:00+08:00,2026-07-07T13:40:00+08:00,47,0,76,3
2026-07-07T16:55:50+08:00,2026-07-07T01:30:00+08:00,2026-07-07T16:45:00+08:00,47,0,77,0
2026-07-07T19:54:37+08:00,2026-07-07T01:30:00+08:00,2026-07-07T19:45:00+08:00,47,0,77,0
2026-07-07T22:34:12+08:00,2026-07-07T21:30:00+08:00,2026-07-07T22:25:00+08:00,47,0,77,0
2026-07-08T00:58:14+08:00,2026-07-08T00:28:00+08:00,2026-07-08T00:50:00+08:00,47,6,77,0
2026-07-08T03:07:43+08:00,2026-07-08T03:00:00+08:00,2026-07-08T02:55:00+08:00,47,0,77,0
2026-07-08T04:57:28+08:00,2026-07-08T04:30:00+08:00,2026-07-08T04:50:00+08:00,47,0,77,0
2026-07-08T06:18:07+08:00,2026-07-08T06:00:00+08:00,2026-07-08T06:05:00+08:00,47,0,77,0
2026-07-08T07:26:13+08:00,2026-07-08T07:05:00+08:00,2026-07-08T07:20:00+08:00,47,14,77,1
2026-07-08T08:30:19+08:00,2026-07-08T08:08:00+08:00,2026-07-08T08:20:00+08:00,47,47,77,7
2026-07-08T11:49:36+08:00,2026-07-08T11:30:00+08:00,2026-07-08T11:40:00+08:00,47,0,77,0
2026-07-08T11:57:00+08:00,2026-07-08T11:36:26+08:00,2026-07-08T11:45:00+08:00,47,0,77,0
2026-07-08T13:32:45+08:00,2026-07-08T13:06:26+08:00,2026-07-08T13:25:00+08:00,47,0,77,0
2026-07-08T14:35:55+08:00,2026-07-08T14:06:30+08:00,2026-07-08T14:25:00+08:00,47,0,77,0
2026-07-08T17:11:04+08:00,2026-07-08T17:10:46+08:00,2026-07-08T17:00:00+08:00,47,0,77,0
2026-07-08T19:19:38+08:00,2026-07-08T19:06:45+08:00,2026-07-08T19:05:00+08:00,47,23,76,1
2026-07-08T20:55:47+08:00,2026-07-08T20:51:42+08:00,2026-07-08T20:45:00+08:00,47,29,76,1
2026-07-08T23:29:56+08:00,2026-07-08T23:06:24+08:00,2026-07-08T23:20:00+08:00,47,0,77,0
2026-07-09T01:03:16+08:00,2026-07-09T00:36:25+08:00,2026-07-09T00:55:00+08:00,47,0,77,0
2026-07-09T02:25:26+08:00,2026-07-09T02:06:21+08:00,2026-07-09T02:15:00+08:00,47,0,77,0
2026-07-09T04:06:30+08:00,2026-07-09T03:37:02+08:00,2026-07-09T04:00:00+08:00,47,0,77,0
2026-07-09T05:21:12+08:00,2026-07-09T05:06:32+08:00,2026-07-09T05:10:00+08:00,47,0,77,0
2026-07-09T06:28:57+08:00,2026-07-09T06:06:27+08:00,2026-07-09T06:15:00+08:00,47,0,77,0
2026-07-09T07:40:51+08:00,2026-07-09T07:36:27+08:00,2026-07-09T07:30:00+08:00,47,0,77,0
2026-07-09T09:20:34+08:00,2026-07-09T09:06:42+08:00,2026-07-09T09:10:00+08:00,47,0,77,0
2026-07-09T13:19:05+08:00,2026-07-09T13:06:38+08:00,2026-07-09T13:10:00+08:00,47,47,77,0
2026-07-09T16:48:50+08:00,2026-07-09T16:36:41+08:00,2026-07-09T16:40:00+08:00,47,0,77,0
2026-07-09T19:39:17+08:00,2026-07-09T19:36:44+08:00,2026-07-09T19:30:00+08:00,47,0,77,0
2026-07-09T22:18:40+08:00,2026-07-09T22:06:28+08:00,2026-07-09T22:10:00+08:00,47,0,77,0
2026-07-10T00:46:55+08:00,2026-07-10T00:37:24+08:00,2026-07-10T00:40:00+08:00,47,0,77,0
2026-07-10T02:31:39+08:00,2026-07-10T02:06:28+08:00,2026-07-10T02:20:00+08:00,47,0,77,0
2026-07-10T04:25:41+08:00,2026-07-10T04:07:21+08:00,2026-07-10T04:15:00+08:00,47,0,77,0
2026-07-10T06:05:51+08:00,2026-07-10T05:36:28+08:00,2026-07-10T05:55:00+08:00,47,0,77,0
2026-07-10T07:24:14+08:00,2026-07-10T07:06:32+08:00,2026-07-10T07:15:00+08:00,47,0,77,0
2026-07-10T09:12:13+08:00,2026-07-10T09:06:28+08:00,2026-07-10T09:05:00+08:00,47,0,77,0
2026-07-10T11:22:49+08:00,2026-07-10T11:06:37+08:00,2026-07-10T11:15:00+08:00,47,0,77,0
2026-07-10T11:26:26+08:00,2026-07-10T11:06:37+08:00,2026-07-10T11:20:00+08:00,47,0,77,0
2026-07-10T11:32:27+08:00,2026-07-10T11:06:37+08:00,2026-07-10T11:25:00+08:00,47,0,77,0
2026-07-10T11:46:44+08:00,2026-07-10T11:36:34+08:00,2026-07-10T11:40:00+08:00,47,0,77,0
2026-07-10T13:11:39+08:00,2026-07-10T13:06:37+08:00,2026-07-10T13:05:00+08:00,47,0,77,0
2026-07-10T16:44:54+08:00,2026-07-10T16:36:46+08:00,2026-07-10T16:35:00+08:00,47,0,77,0
2026-07-10T19:36:57+08:00,2026-07-10T19:36:28+08:00,2026-07-10T19:30:00+08:00,47,0,77,0
2026-07-10T21:32:23+08:00,2026-07-10T21:06:28+08:00,2026-07-10T21:25:00+08:00,47,0,77,0
2026-07-10T23:59:20+08:00,2026-07-10T23:36:37+08:00,2026-07-10T23:50:00+08:00,47,0,77,0
2026-07-11T01:55:43+08:00,2026-07-11T01:36:28+08:00,2026-07-11T01:45:00+08:00,47,0,77,0
2026-07-11T03:46:57+08:00,2026-07-11T03:36:32+08:00,2026-07-11T03:35:00+08:00,47,0,74,0
2026-07-11T04:55:31+08:00,2026-07-11T04:36:13+08:00,2026-07-11T04:45:00+08:00,47,0,77,0
2026-07-11T06:12:43+08:00,2026-07-11T06:05:37+08:00,2026-07-11T06:05:00+08:00,47,0,77,0
2026-07-11T07:16:29+08:00,2026-07-11T07:06:33+08:00,2026-07-11T07:10:00+08:00,47,0,77,0
2026-07-11T08:13:29+08:00,2026-07-11T08:06:28+08:00,2026-07-11T08:05:00+08:00,47,0,77,0
2026-07-11T11:46:54+08:00,2026-07-11T11:41:37+08:00,2026-07-11T11:40:00+08:00,47,20,77,0
2026-07-11T14:02:55+08:00,2026-07-11T14:01:38+08:00,2026-07-11T13:55:00+08:00,47,36,77,4
2026-07-11T16:08:55+08:00,2026-07-11T16:06:29+08:00,2026-07-11T16:00:00+08:00,47,0,77,0
2026-07-11T17:51:46+08:00,2026-07-11T17:46:33+08:00,2026-07-11T17:45:00+08:00,47,2,77,0
2026-07-11T18:49:02+08:00,2026-07-11T18:46:26+08:00,2026-07-11T18:40:00+08:00,47,9,77,0
2026-07-11T19:39:18+08:00,2026-07-11T19:36:28+08:00,2026-07-11T19:30:00+08:00,47,19,77,4
2026-07-11T20:42:00+08:00,2026-07-11T20:36:28+08:00,2026-07-11T20:35:00+08:00,47,34,77,0
2026-07-11T22:13:49+08:00,2026-07-11T22:11:12+08:00,2026-07-11T22:05:00+08:00,47,0,77,0
2026-07-11T23:26:06+08:00,2026-07-11T23:06:33+08:00,2026-07-11T23:15:00+08:00,47,0,77,0
2026-07-12T00:29:37+08:00,2026-07-12T00:06:28+08:00,2026-07-12T00:20:00+08:00,47,0,77,0
2026-07-12T01:34:37+08:00,2026-07-12T01:06:13+08:00,2026-07-12T01:25:00+08:00,47,0,77,0
2026-07-12T02:31:06+08:00,2026-07-12T02:06:45+08:00,2026-07-12T02:20:00+08:00,47,0,77,0
2026-07-12T03:46:35+08:00,2026-07-12T03:37:25+08:00,2026-07-12T03:30:00+08:00,47,0,75,0
2026-07-12T04:32:38+08:00,2026-07-12T04:06:28+08:00,2026-07-12T04:25:00+08:00,47,0,77,0
2026-07-12T05:27:20+08:00,2026-07-12T05:06:36+08:00,2026-07-12T05:20:00+08:00,47,0,77,0
2026-07-12T06:27:26+08:00,2026-07-12T06:06:28+08:00,2026-07-12T06:20:00+08:00,47,0,77,0
2026-07-12T07:32:54+08:00,2026-07-12T07:07:18+08:00,2026-07-12T07:25:00+08:00,47,0,77,0
2026-07-12T09:08:42+08:00,2026-07-12T09:06:38+08:00,2026-07-12T09:00:00+08:00,47,5,77,0
2026-07-12T12:43:16+08:00,2026-07-12T12:41:29+08:00,2026-07-12T12:35:00+08:00,47,38,77,13
2026-07-12T15:19:07+08:00,2026-07-12T15:06:33+08:00,2026-07-12T15:10:00+08:00,47,26,77,2
2026-07-12T17:20:47+08:00,2026-07-12T17:06:29+08:00,2026-07-12T17:10:00+08:00,47,0,77,0
2026-07-12T18:48:12+08:00,2026-07-12T18:36:38+08:00,2026-07-12T18:40:00+08:00,47,0,77,0
2026-07-12T19:47:05+08:00,2026-07-12T19:36:35+08:00,2026-07-12T19:40:00+08:00,47,0,77,0
2026-07-12T20:41:36+08:00,2026-07-12T20:36:28+08:00,2026-07-12T20:35:00+08:00,47,0,77,0
2026-07-12T22:18:32+08:00,2026-07-12T22:06:28+08:00,2026-07-12T22:10:00+08:00,47,0,77,0
2026-07-12T23:28:51+08:00,2026-07-12T23:06:45+08:00,2026-07-12T23:20:00+08:00,47,0,77,0
2026-07-13T00:31:27+08:00,2026-07-13T00:06:28+08:00,2026-07-13T00:20:00+08:00,47,0,77,0
2026-07-13T01:37:12+08:00,2026-07-13T01:36:28+08:00,2026-07-13T01:30:00+08:00,47,0,77,0
2026-07-13T02:33:01+08:00,2026-07-13T02:06:29+08:00,2026-07-13T02:25:00+08:00,47,0,77,0
2026-07-13T03:44:19+08:00,2026-07-13T03:37:22+08:00,2026-07-13T03:35:00+08:00,47,0,77,0
2026-07-13T04:32:19+08:00,2026-07-13T04:06:35+08:00,2026-07-13T04:25:00+08:00,47,0,77,0
2026-07-13T05:27:27+08:00,2026-07-13T05:06:28+08:00,2026-07-13T05:20:00+08:00,47,0,77,0
2026-07-13T06:27:43+08:00,2026-07-13T06:06:43+08:00,2026-07-13T06:20:00+08:00,47,0,77,0
2026-07-13T07:32:06+08:00,2026-07-13T07:06:31+08:00,2026-07-13T07:25:00+08:00,47,0,77,0
2026-07-13T09:11:32+08:00,2026-07-13T09:06:28+08:00,2026-07-13T09:00:00+08:00,47,0,77,0
2026-07-13T12:50:44+08:00,2026-07-13T12:46:29+08:00,2026-07-13T12:40:00+08:00,47,16,77,0
2026-07-13T15:58:47+08:00,2026-07-13T15:36:35+08:00,2026-07-13T15:50:00+08:00,47,0,77,0
2026-07-13T19:25:26+08:00,2026-07-13T19:11:14+08:00,2026-07-13T19:15:00+08:00,47,0,77,0
2026-07-13T21:40:06+08:00,2026-07-13T21:36:28+08:00,2026-07-13T21:30:00+08:00,47,0,77,0
2026-07-14T00:10:16+08:00,2026-07-14T00:06:35+08:00,2026-07-14T00:00:00+08:00,47,0,77,0
2026-07-14T02:12:53+08:00,2026-07-14T02:06:27+08:00,2026-07-14T02:00:00+08:00,47,0,77,0
2026-07-14T03:53:29+08:00,2026-07-14T03:36:41+08:00,2026-07-14T03:30:00+08:00,47,0,77,0
2026-07-14T05:08:43+08:00,2026-07-14T05:06:29+08:00,2026-07-14T05:00:00+08:00,47,0,77,0
2026-07-14T06:14:11+08:00,2026-07-14T06:06:28+08:00,2026-07-14T06:05:00+08:00,47,0,77,0
2026-07-14T07:16:07+08:00,2026-07-14T07:07:27+08:00,2026-07-14T07:05:00+08:00,47,0,77,0
2026-07-14T08:10:12+08:00,2026-07-14T08:06:37+08:00,2026-07-14T07:55:00+08:00,47,2,77,0
2026-07-14T11:40:11+08:00,2026-07-14T11:36:32+08:00,2026-07-14T11:30:00+08:00,47,0,77,0
2026-07-14T13:59:09+08:00,2026-07-14T13:36:28+08:00,2026-07-14T13:50:00+08:00,47,0,77,0
2026-07-14T16:24:12+08:00,2026-07-14T16:06:29+08:00,2026-07-14T16:15:00+08:00,47,12,76,0
2026-07-14T18:20:49+08:00,2026-07-14T18:06:33+08:00,2026-07-14T18:10:00+08:00,47,0,77,0
2026-07-14T19:49:41+08:00,2026-07-14T19:36:13+08:00,2026-07-14T19:35:00+08:00,47,0,77,0
2026-07-14T20:55:49+08:00,2026-07-14T20:37:27+08:00,2026-07-14T20:45:00+08:00,47,0,77,0
2026-07-14T23:00:40+08:00,2026-07-14T22:36:28+08:00,2026-07-14T22:50:00+08:00,47,0,77,0
2026-07-15T00:23:14+08:00,2026-07-15T00:06:32+08:00,2026-07-15T00:15:00+08:00,47,0,77,0
2026-07-15T01:43:54+08:00,2026-07-15T01:36:28+08:00,2026-07-15T01:30:00+08:00,47,0,77,0
2026-07-15T02:52:03+08:00,2026-07-15T02:36:38+08:00,2026-07-15T02:35:00+08:00,47,0,77,0
2026-07-15T04:02:27+08:00,2026-07-15T03:36:29+08:00,2026-07-15T03:35:00+08:00,47,0,76,0
2026-07-15T05:09:58+08:00,2026-07-15T05:06:34+08:00,2026-07-15T05:00:00+08:00,47,0,77,0
2026-07-15T06:16:52+08:00,2026-07-15T06:06:29+08:00,2026-07-15T06:10:00+08:00,47,0,77,0
2026-07-15T07:14:19+08:00,2026-07-15T07:06:28+08:00,2026-07-15T07:05:00+08:00,47,0,77,0
2026-07-15T08:08:44+08:00,2026-07-15T08:06:28+08:00,2026-07-15T08:00:00+08:00,47,0,77,0
2026-07-15T11:40:34+08:00,2026-07-15T11:36:28+08:00,2026-07-15T11:30:00+08:00,47,0,77,0
2026-07-15T14:01:47+08:00,2026-07-15T13:56:29+08:00,2026-07-15T13:55:00+08:00,47,20,77,2
2026-07-15T16:30:43+08:00,2026-07-15T16:21:46+08:00,2026-07-15T16:20:00+08:00,47,27,77,1
2026-07-15T18:24:30+08:00,2026-07-15T18:21:39+08:00,2026-07-15T18:15:00+08:00,47,34,77,3
2026-07-15T20:03:43+08:00,2026-07-15T19:36:37+08:00,2026-07-15T19:55:00+08:00,47,3,77,0
2026-07-15T22:04:14+08:00,2026-07-15T21:46:31+08:00,2026-07-15T21:55:00+08:00,47,7,77,0
2026-07-15T23:43:35+08:00,2026-07-15T23:36:35+08:00,2026-07-15T23:35:00+08:00,47,0,77,0
2026-07-16T00:58:17+08:00,2026-07-16T00:36:28+08:00,2026-07-16T00:50:00+08:00,47,0,77,0
2026-07-16T02:15:58+08:00,2026-07-16T02:07:25+08:00,2026-07-16T02:05:00+08:00,47,0,77,0
2026-07-16T03:40:07+08:00,2026-07-16T03:36:30+08:00,2026-07-16T03:25:00+08:00,47,0,77,0
2026-07-16T04:44:56+08:00,2026-07-16T04:36:44+08:00,2026-07-16T04:35:00+08:00,47,0,77,0
2026-07-16T05:42:43+08:00,2026-07-16T05:36:32+08:00,2026-07-16T05:35:00+08:00,47,0,77,0
2026-07-16T06:43:19+08:00,2026-07-16T06:36:28+08:00,2026-07-16T06:35:00+08:00,47,0,77,0
2026-07-16T07:44:01+08:00,2026-07-16T07:36:28+08:00,2026-07-16T07:35:00+08:00,47,0,77,0
2026-07-16T09:11:11+08:00,2026-07-16T09:06:29+08:00,2026-07-16T09:00:00+08:00,47,0,77,0
2026-07-16T12:28:28+08:00,2026-07-16T12:06:34+08:00,2026-07-16T12:20:00+08:00,47,0,77,0
2026-07-16T15:05:00+08:00,2026-07-16T15:01:29+08:00,2026-07-16T14:55:00+08:00,47,16,77,0
2026-07-16T17:23:47+08:00,2026-07-16T17:16:32+08:00,2026-07-16T17:15:00+08:00,47,9,77,0
2026-07-16T19:19:45+08:00,2026-07-16T17:51:03+08:00,2026-07-16T17:55:00+08:00,47,2,77,0
2026-07-16T20:55:16+08:00,2026-07-16T20:35:39+08:00,2026-07-16T20:20:00+08:00,47,2,77,0
2026-07-16T23:10:21+08:00,2026-07-16T23:06:26+08:00,2026-07-16T23:00:00+08:00,47,0,77,0
2026-07-17T00:44:35+08:00,2026-07-17T00:36:26+08:00,2026-07-17T00:35:00+08:00,47,0,77,0
2026-07-17T01:56:02+08:00,2026-07-17T01:36:26+08:00,2026-07-17T01:45:00+08:00,47,0,77,0
2026-07-17T03:25:41+08:00,2026-07-17T03:06:36+08:00,2026-07-17T03:10:00+08:00,47,10,77,1
2026-07-17T04:29:53+08:00,2026-07-17T04:26:34+08:00,2026-07-17T04:20:00+08:00,47,8,77,1
2026-07-17T05:38:45+08:00,2026-07-17T05:36:36+08:00,2026-07-17T05:30:00+08:00,47,8,77,0
2026-07-17T06:42:28+08:00,2026-07-17T06:36:26+08:00,2026-07-17T06:35:00+08:00,47,3,77,0
2026-07-17T07:42:47+08:00,2026-07-17T07:36:36+08:00,2026-07-17T07:35:00+08:00,47,24,77,3
2026-07-17T09:15:07+08:00,2026-07-17T09:06:28+08:00,2026-07-17T09:05:00+08:00,47,0,77,0
2026-07-17T12:29:34+08:00,2026-07-17T12:26:24+08:00,2026-07-17T12:20:00+08:00,47,43,77,9
2026-07-17T14:59:26+08:00,2026-07-17T14:56:28+08:00,2026-07-17T14:50:00+08:00,47,26,77,3
2026-07-17T17:17:31+08:00,2026-07-17T17:06:29+08:00,2026-07-17T17:10:00+08:00,47,0,77,0
2026-07-17T18:59:21+08:00,2026-07-17T18:36:31+08:00,2026-07-17T18:50:00+08:00,47,0,77,0
2026-07-17T20:18:02+08:00,2026-07-17T20:06:29+08:00,2026-07-17T20:10:00+08:00,47,0,77,0
2026-07-17T22:07:25+08:00,2026-07-17T22:06:33+08:00,2026-07-17T22:00:00+08:00,47,0,77,0
2026-07-17T23:47:18+08:00,2026-07-17T23:36:29+08:00,2026-07-17T23:40:00+08:00,47,0,77,0
2026-07-18T00:52:37+08:00,2026-07-18T00:36:46+08:00,2026-07-18T00:40:00+08:00,47,0,77,0
2026-07-18T02:13:52+08:00,2026-07-18T02:06:34+08:00,2026-07-18T02:05:00+08:00,47,0,77,0
2026-07-18T03:36:09+08:00,2026-07-18T03:07:24+08:00,2026-07-18T03:20:00+08:00,47,0,77,0
2026-07-18T04:30:23+08:00,2026-07-18T04:06:38+08:00,2026-07-18T04:20:00+08:00,47,0,77,0
2026-07-18T05:25:49+08:00,2026-07-18T05:06:29+08:00,2026-07-18T05:10:00+08:00,47,0,77,0
2026-07-18T06:26:22+08:00,2026-07-18T06:07:20+08:00,2026-07-18T06:15:00+08:00,47,0,77,0
2026-07-18T07:29:56+08:00,2026-07-18T07:06:29+08:00,2026-07-18T07:20:00+08:00,47,0,77,0
2026-07-18T09:01:01+08:00,2026-07-18T08:36:33+08:00,2026-07-18T08:45:00+08:00,47,0,77,0
2026-07-18T12:08:31+08:00,2026-07-18T12:06:34+08:00,2026-07-18T12:00:00+08:00,47,0,77,0
2026-07-18T14:23:26+08:00,2026-07-18T14:06:47+08:00,2026-07-18T14:10:00+08:00,47,0,77,0
2026-07-18T16:24:28+08:00,2026-07-18T16:16:28+08:00,2026-07-18T16:15:00+08:00,47,15,77,0
2026-07-18T18:02:02+08:00,2026-07-18T17:36:40+08:00,2026-07-18T17:55:00+08:00,47,10,77,0
2026-07-18T19:13:46+08:00,2026-07-18T19:11:24+08:00,2026-07-18T19:05:00+08:00,47,5,77,1
2026-07-18T20:08:05+08:00,2026-07-18T20:06:39+08:00,2026-07-18T20:00:00+08:00,47,25,77,5
2026-07-18T21:53:40+08:00,2026-07-18T21:41:38+08:00,2026-07-18T21:45:00+08:00,47,0,77,0
2026-07-18T23:06:13+08:00,2026-07-18T22:36:45+08:00,2026-07-18T22:55:00+08:00,47,0,77,2
2026-07-19T00:06:59+08:00,2026-07-19T00:06:35+08:00,2026-07-19T00:00:00+08:00,47,0,77,0
2026-07-19T01:10:20+08:00,2026-07-19T01:06:47+08:00,2026-07-19T01:00:00+08:00,47,0,77,0
2026-07-19T02:11:16+08:00,2026-07-19T02:06:29+08:00,2026-07-19T02:00:00+08:00,47,0,77,0
2026-07-19T03:36:12+08:00,2026-07-19T03:06:28+08:00,2026-07-19T03:25:00+08:00,47,0,77,0
2026-07-19T04:25:20+08:00,2026-07-19T04:06:37+08:00,2026-07-19T04:15:00+08:00,47,0,77,0
2026-07-19T05:28:55+08:00,2026-07-19T05:06:34+08:00,2026-07-19T05:20:00+08:00,47,0,77,0
2026-07-19T06:27:31+08:00,2026-07-19T06:06:28+08:00,2026-07-19T06:20:00+08:00,47,0,77,0
2026-07-19T07:31:56+08:00,2026-07-19T07:06:29+08:00,2026-07-19T07:25:00+08:00,47,0,77,0
2026-07-19T09:05:35+08:00,2026-07-19T08:51:04+08:00,2026-07-19T08:55:00+08:00,47,1,77,0
2026-07-19T12:32:12+08:00,2026-07-19T12:06:32+08:00,2026-07-19T12:25:00+08:00,47,0,77,0
2026-07-19T15:08:57+08:00,2026-07-19T15:06:44+08:00,2026-07-19T15:00:00+08:00,47,0,77,0
2026-07-19T17:21:16+08:00,2026-07-19T17:06:30+08:00,2026-07-19T17:10:00+08:00,47,0,77,0
2026-07-19T18:48:19+08:00,2026-07-19T18:36:44+08:00,2026-07-19T18:40:00+08:00,47,0,77,0
2026-07-19T19:45:10+08:00,2026-07-19T19:36:29+08:00,2026-07-19T19:35:00+08:00,47,0,77,0
2026-07-19T20:39:49+08:00,2026-07-19T20:36:28+08:00,2026-07-19T20:30:00+08:00,47,0,77,0
2026-07-19T22:15:47+08:00,2026-07-19T22:06:46+08:00,2026-07-19T22:05:00+08:00,47,0,77,0
2026-07-19T23:26:08+08:00,2026-07-19T23:06:29+08:00,2026-07-19T23:15:00+08:00,47,0,77,0
2026-07-20T00:29:58+08:00,2026-07-20T00:06:29+08:00,2026-07-20T00:20:00+08:00,47,0,77,0
2026-07-20T01:35:19+08:00,2026-07-20T01:07:22+08:00,2026-07-20T01:25:00+08:00,47,0,77,0
2026-07-20T02:33:48+08:00,2026-07-20T02:06:14+08:00,2026-07-20T02:25:00+08:00,47,0,77,0
2026-07-20T03:47:50+08:00,2026-07-20T03:37:20+08:00,2026-07-20T03:20:00+08:00,47,0,77,0
2026-07-20T04:33:10+08:00,2026-07-20T04:06:34+08:00,2026-07-20T04:25:00+08:00,47,0,77,0
2026-07-20T05:28:50+08:00,2026-07-20T05:06:44+08:00,2026-07-20T05:20:00+08:00,47,0,77,0
2026-07-20T06:29:26+08:00,2026-07-20T06:06:33+08:00,2026-07-20T06:20:00+08:00,47,0,77,0
2026-07-20T07:33:18+08:00,2026-07-20T07:06:29+08:00,2026-07-20T07:25:00+08:00,47,0,77,0
2026-07-20T09:08:29+08:00,2026-07-20T09:06:28+08:00,2026-07-20T09:00:00+08:00,47,0,77,0
2026-07-20T12:55:57+08:00,2026-07-20T12:36:29+08:00,2026-07-20T12:45:00+08:00,47,6,77,0
2026-07-20T16:14:31+08:00,2026-07-20T16:06:45+08:00,2026-07-20T16:05:00+08:00,47,8,77,0
2026-07-20T19:16:58+08:00,2026-07-20T19:06:39+08:00,2026-07-20T19:10:00+08:00,47,0,77,0
2026-07-20T21:20:12+08:00,2026-07-20T21:06:29+08:00,2026-07-20T21:10:00+08:00,47,0,77,0
2026-07-20T23:24:00+08:00,2026-07-20T23:07:02+08:00,2026-07-20T23:15:00+08:00,47,0,77,0
2026-07-21T01:03:50+08:00,2026-07-21T00:36:29+08:00,2026-07-21T00:55:00+08:00,47,8,77,0
2026-07-21T03:03:29+08:00,2026-07-21T02:36:31+08:00,2026-07-21T02:55:00+08:00,47,17,77,5
2026-07-21T04:37:12+08:00,2026-07-21T04:36:38+08:00,2026-07-21T04:30:00+08:00,47,13,77,0
2026-07-21T05:47:25+08:00,2026-07-21T05:36:42+08:00,2026-07-21T05:40:00+08:00,47,13,77,0
2026-07-21T06:41:37+08:00,2026-07-21T06:36:40+08:00,2026-07-21T06:35:00+08:00,47,5,77,0
2026-07-21T07:42:53+08:00,2026-07-21T07:36:32+08:00,2026-07-21T07:35:00+08:00,47,5,77,0
2026-07-21T09:12:23+08:00,2026-07-21T09:06:42+08:00,2026-07-21T09:05:00+08:00,47,36,77,1
2026-07-21T12:36:01+08:00,2026-07-21T12:26:37+08:00,2026-07-21T12:25:00+08:00,47,10,77,0
2026-07-21T15:16:18+08:00,2026-07-21T15:05:49+08:00,2026-07-21T15:05:00+08:00,47,0,77,0
2026-07-21T17:43:50+08:00,2026-07-21T17:36:28+08:00,2026-07-21T17:35:00+08:00,47,0,77,0
2026-07-21T19:31:32+08:00,2026-07-21T19:06:29+08:00,2026-07-21T19:20:00+08:00,47,2,77,0
2026-07-21T20:59:07+08:00,2026-07-21T20:36:30+08:00,2026-07-21T20:50:00+08:00,47,0,77,0
2026-07-21T23:12:31+08:00,2026-07-21T23:06:46+08:00,2026-07-21T23:05:00+08:00,47,0,77,0
2026-07-22T00:48:41+08:00,2026-07-22T00:36:30+08:00,2026-07-22T00:40:00+08:00,47,0,77,0
2026-07-22T02:02:59+08:00,2026-07-22T01:36:29+08:00,2026-07-22T01:55:00+08:00,47,0,77,0
2026-07-22T03:45:41+08:00,2026-07-22T03:36:29+08:00,2026-07-22T03:25:00+08:00,47,0,77,0
2026-07-22T04:52:15+08:00,2026-07-22T04:36:33+08:00,2026-07-22T04:45:00+08:00,47,0,77,0
2026-07-22T05:51:07+08:00,2026-07-22T05:36:32+08:00,2026-07-22T05:40:00+08:00,47,0,77,0
2026-07-22T06:41:04+08:00,2026-07-22T06:36:31+08:00,2026-07-22T06:30:00+08:00,47,0,77,0
2026-07-22T07:43:39+08:00,2026-07-22T07:36:29+08:00,2026-07-22T07:35:00+08:00,47,0,77,0
2026-07-22T09:10:22+08:00,2026-07-22T09:06:29+08:00,2026-07-22T09:00:00+08:00,47,0,77,0
2026-07-22T12:37:56+08:00,2026-07-22T12:35:55+08:00,2026-07-22T12:25:00+08:00,47,47,76,17
2026-07-22T15:26:06+08:00,2026-07-22T15:11:15+08:00,2026-07-22T15:15:00+08:00,47,47,76,0
2026-07-22T18:03:30+08:00,2026-07-22T17:36:29+08:00,2026-07-22T17:55:00+08:00,47,0,77,0
2026-07-22T19:59:20+08:00,2026-07-22T19:56:39+08:00,2026-07-22T19:50:00+08:00,47,14,77,1
2026-07-22T22:17:40+08:00,2026-07-22T22:06:31+08:00,2026-07-22T22:10:00+08:00,47,7,77,0
2026-07-22T23:54:06+08:00,2026-07-22T23:36:36+08:00,2026-07-22T23:45:00+08:00,47,0,77,0
2026-07-23T01:35:59+08:00,2026-07-23T01:06:29+08:00,2026-07-23T01:25:00+08:00,47,0,77,0
2026-07-23T02:45:11+08:00,2026-07-23T02:36:24+08:00,2026-07-23T02:35:00+08:00,47,0,77,0
2026-07-23T04:01:22+08:00,2026-07-23T03:36:34+08:00,2026-07-23T03:50:00+08:00,47,0,77,0
2026-07-23T05:17:44+08:00,2026-07-23T05:06:48+08:00,2026-07-23T05:10:00+08:00,47,16,77,0
2026-07-23T06:28:16+08:00,2026-07-23T06:16:33+08:00,2026-07-23T06:20:00+08:00,47,21,77,0
2026-07-23T07:33:45+08:00,2026-07-23T07:21:15+08:00,2026-07-23T07:25:00+08:00,47,20,77,6
2026-07-23T09:06:33+08:00,2026-07-23T08:51:29+08:00,2026-07-23T08:55:00+08:00,47,24,77,4
2026-07-23T12:28:38+08:00,2026-07-23T12:26:37+08:00,2026-07-23T12:20:00+08:00,47,3,77,0
2026-07-23T15:11:31+08:00,2026-07-23T15:10:57+08:00,2026-07-23T15:05:00+08:00,47,11,77,0
2026-07-23T17:41:04+08:00,2026-07-23T17:36:37+08:00,2026-07-23T17:30:00+08:00,47,0,77,0
2026-07-23T19:42:31+08:00,2026-07-23T19:36:33+08:00,2026-07-23T19:35:00+08:00,47,0,77,0
2026-07-23T21:14:11+08:00,2026-07-23T21:06:38+08:00,2026-07-23T21:05:00+08:00,47,0,77,0
2026-07-23T23:28:06+08:00,2026-07-23T23:06:29+08:00,2026-07-23T23:20:00+08:00,47,0,77,0
2026-07-24T01:02:38+08:00,2026-07-24T00:36:38+08:00,2026-07-24T00:55:00+08:00,47,0,77,0
2026-07-24T02:19:42+08:00,2026-07-24T02:05:44+08:00,2026-07-24T02:10:00+08:00,47,0,77,0
2026-07-24T03:50:52+08:00,2026-07-24T03:36:38+08:00,2026-07-24T03:30:00+08:00,47,0,77,0
2026-07-24T04:47:09+08:00,2026-07-24T04:40:56+08:00,2026-07-24T04:40:00+08:00,47,0,77,0
2026-07-24T05:47:27+08:00,2026-07-24T05:41:07+08:00,2026-07-24T05:40:00+08:00,47,0,77,0
2026-07-24T06:41:10+08:00,2026-07-24T06:36:38+08:00,2026-07-24T06:30:00+08:00,47,0,77,0
2026-07-24T07:43:58+08:00,2026-07-24T07:36:30+08:00,2026-07-24T07:35:00+08:00,47,0,77,0
2026-07-24T09:13:37+08:00,2026-07-24T09:06:29+08:00,2026-07-24T09:05:00+08:00,47,0,77,0
2026-07-24T12:38:26+08:00,2026-07-24T12:36:29+08:00,2026-07-24T12:30:00+08:00,47,0,77,0
2026-07-24T15:21:25+08:00,2026-07-24T15:06:29+08:00,2026-07-24T15:10:00+08:00,47,3,77,0
2026-07-24T17:40:14+08:00,2026-07-24T17:36:45+08:00,2026-07-24T17:30:00+08:00,47,8,77,0
2026-07-24T19:27:18+08:00,2026-07-24T19:11:17+08:00,2026-07-24T19:20:00+08:00,47,7,77,0
2026-07-24T21:04:31+08:00,2026-07-24T20:36:29+08:00,2026-07-24T20:55:00+08:00,47,0,77,0
2026-07-24T23:03:54+08:00,2026-07-24T22:36:29+08:00,2026-07-24T22:55:00+08:00,47,0,77,0
2026-07-25T00:52:59+08:00,2026-07-25T00:36:29+08:00,2026-07-25T00:45:00+08:00,47,0,77,0
2026-07-25T02:39:33+08:00,2026-07-25T02:36:29+08:00,2026-07-25T02:30:00+08:00,47,0,77,0
2026-07-25T04:05:15+08:00,2026-07-25T03:36:29+08:00,2026-07-25T03:30:00+08:00,47,0,77,0
2026-07-25T05:17:21+08:00,2026-07-25T05:06:39+08:00,2026-07-25T05:05:00+08:00,47,0,77,0
2026-07-25T06:29:57+08:00,2026-07-25T06:06:29+08:00,2026-07-25T06:20:00+08:00,47,0,77,0
2026-07-25T07:36:27+08:00,2026-07-25T07:31:29+08:00,2026-07-25T07:25:00+08:00,47,14,77,0
2026-07-25T09:06:44+08:00,2026-07-25T08:46:39+08:00,2026-07-25T09:00:00+08:00,47,15,77,0
2026-07-25T12:23:38+08:00,2026-07-25T12:11:25+08:00,2026-07-25T12:15:00+08:00,47,45,77,0
2026-07-25T14:57:54+08:00,2026-07-25T14:36:38+08:00,2026-07-25T14:50:00+08:00,47,1,77,0
2026-07-25T17:07:29+08:00,2026-07-25T17:06:15+08:00,2026-07-25T17:00:00+08:00,47,6,77,1
2026-07-25T18:47:21+08:00,2026-07-25T18:36:39+08:00,2026-07-25T18:40:00+08:00,47,2,77,3
2026-07-25T19:52:57+08:00,2026-07-25T19:51:13+08:00,2026-07-25T19:45:00+08:00,47,0,77,0
2026-07-25T21:55:46+08:00,2026-07-25T21:36:29+08:00,2026-07-25T21:45:00+08:00,47,0,77,0
2026-07-25T23:13:50+08:00,2026-07-25T23:06:29+08:00,2026-07-25T23:05:00+08:00,47,0,77,0
2026-07-26T00:14:02+08:00,2026-07-26T00:06:28+08:00,2026-07-26T00:05:00+08:00,47,0,77,0
2026-07-26T01:25:49+08:00,2026-07-26T01:07:05+08:00,2026-07-26T01:10:00+08:00,47,0,77,0
2026-07-26T02:32:02+08:00,2026-07-26T02:06:04+08:00,2026-07-26T02:15:00+08:00,47,0,77,0
2026-07-26T03:47:46+08:00,2026-07-26T02:06:04+08:00,2026-07-26T02:15:00+08:00,47,0,77,0
2026-07-26T04:35:49+08:00,2026-07-26T02:06:04+08:00,2026-07-26T02:15:00+08:00,47,0,77,0
2026-07-26T05:31:06+08:00,2026-07-26T02:06:04+08:00,2026-07-26T02:15:00+08:00,47,0,77,0
2026-07-26T06:31:45+08:00,2026-07-26T02:06:04+08:00,2026-07-26T02:35:00+08:00,47,0,76,0
2026-07-26T07:35:27+08:00,2026-07-26T02:06:04+08:00,2026-07-26T02:35:00+08:00,47,0,76,0
2026-07-26T09:11:22+08:00,2026-07-26T02:06:04+08:00,2026-07-26T09:05:00+08:00,47,0,77,3
2026-07-26T12:46:20+08:00,2026-07-26T02:06:04+08:00,2026-07-26T12:35:00+08:00,47,0,76,12
2026-07-26T15:26:34+08:00,2026-07-26T15:06:24+08:00,2026-07-26T15:10:00+08:00,47,0,74,0
2026-07-26T17:36:26+08:00,2026-07-26T17:05:54+08:00,2026-07-26T17:30:00+08:00,47,0,77,0
2026-07-26T19:06:30+08:00,2026-07-26T18:46:22+08:00,2026-07-26T19:00:00+08:00,47,21,77,3
2026-07-26T20:13:10+08:00,2026-07-26T20:06:34+08:00,2026-07-26T20:05:00+08:00,47,2,76,0
2026-07-26T22:02:38+08:00,2026-07-26T21:36:24+08:00,2026-07-26T21:55:00+08:00,47,0,77,0
2026-07-26T23:14:27+08:00,2026-07-26T23:06:24+08:00,2026-07-26T23:05:00+08:00,47,0,77,0
2026-07-27T00:17:05+08:00,2026-07-27T00:06:21+08:00,2026-07-27T00:05:00+08:00,47,0,77,0
2026-07-27T01:27:34+08:00,2026-07-27T01:05:39+08:00,2026-07-27T01:15:00+08:00,47,0,77,0
2026-07-27T02:36:53+08:00,2026-07-27T02:36:33+08:00,2026-07-27T02:30:00+08:00,47,0,77,0
2026-07-27T03:49:36+08:00,2026-07-27T03:36:46+08:00,2026-07-27T03:25:00+08:00,47,0,76,0
2026-07-27T04:40:59+08:00,2026-07-27T04:36:24+08:00,2026-07-27T04:30:00+08:00,47,0,77,0
2026-07-27T05:43:35+08:00,2026-07-27T05:36:24+08:00,2026-07-27T05:35:00+08:00,47,0,77,0
2026-07-27T06:44:34+08:00,2026-07-27T06:36:24+08:00,2026-07-27T06:35:00+08:00,47,0,77,0
2026-07-27T07:44:59+08:00,2026-07-27T07:36:33+08:00,2026-07-27T07:35:00+08:00,47,0,77,0
2026-07-27T09:21:47+08:00,2026-07-27T09:06:24+08:00,2026-07-27T09:15:00+08:00,47,0,77,0
2026-07-27T12:58:01+08:00,2026-07-27T12:36:24+08:00,2026-07-27T12:50:00+08:00,47,0,60,0
2026-07-27T16:40:49+08:00,2026-07-27T16:36:24+08:00,2026-07-27T16:30:00+08:00,47,0,77,0
2026-07-27T20:00:30+08:00,2026-07-27T19:36:25+08:00,2026-07-27T19:50:00+08:00,47,0,77,0
2026-07-27T23:07:14+08:00,2026-07-27T23:06:24+08:00,2026-07-27T23:00:00+08:00,47,0,77,0
2026-07-28T01:05:50+08:00,2026-07-28T00:36:41+08:00,2026-07-28T00:50:00+08:00,47,0,77,0
2026-07-28T02:43:56+08:00,2026-07-28T02:36:24+08:00,2026-07-28T02:30:00+08:00,47,0,76,0
2026-07-28T04:10:31+08:00,2026-07-28T04:05:33+08:00,2026-07-28T03:45:00+08:00,47,0,75,0
2026-07-28T05:32:24+08:00,2026-07-28T05:06:49+08:00,2026-07-28T05:25:00+08:00,47,0,77,0
2026-07-28T06:36:36+08:00,2026-07-28T06:36:24+08:00,2026-07-28T06:30:00+08:00,47,0,74,0
2026-07-28T07:41:30+08:00,2026-07-28T07:36:24+08:00,2026-07-28T07:35:00+08:00,47,0,77,0
2026-07-28T09:08:26+08:00,2026-07-28T09:06:24+08:00,2026-07-28T09:00:00+08:00,47,0,77,0
2026-07-28T12:30:47+08:00,2026-07-28T12:06:24+08:00,2026-07-28T12:20:00+08:00,47,0,76,0
2026-07-28T15:19:41+08:00,2026-07-28T15:16:26+08:00,2026-07-28T15:10:00+08:00,47,29,77,0
2026-07-28T18:00:10+08:00,2026-07-28T17:36:33+08:00,2026-07-28T17:50:00+08:00,47,38,77,0
2026-07-28T20:05:01+08:00,2026-07-28T19:36:28+08:00,2026-07-28T19:55:00+08:00,47,0,77,0
2026-07-28T22:30:39+08:00,2026-07-28T22:06:43+08:00,2026-07-28T22:20:00+08:00,47,0,77,0
2026-07-29T00:19:49+08:00,2026-07-29T00:06:24+08:00,2026-07-29T00:10:00+08:00,47,0,77,0
2026-07-29T01:48:32+08:00,2026-07-29T01:37:25+08:00,2026-07-29T01:40:00+08:00,47,0,77,0
2026-07-29T02:59:00+08:00,2026-07-29T02:36:20+08:00,2026-07-29T02:50:00+08:00,47,0,77,0
2026-07-29T04:22:02+08:00,2026-07-29T04:07:17+08:00,2026-07-29T04:15:00+08:00,47,0,77,0
2026-07-29T05:35:30+08:00,2026-07-29T05:06:25+08:00,2026-07-29T05:20:00+08:00,47,0,77,0
2026-07-29T06:39:10+08:00,2026-07-29T06:36:25+08:00,2026-07-29T06:30:00+08:00,47,0,77,0
2026-07-29T07:44:29+08:00,2026-07-29T07:36:25+08:00,2026-07-29T07:35:00+08:00,47,0,77,0
2026-07-29T09:12:09+08:00,2026-07-29T09:06:40+08:00,2026-07-29T09:05:00+08:00,47,0,77,0
2026-07-29T12:35:17+08:00,2026-07-29T11:36:25+08:00,2026-07-29T12:25:00+08:00,47,0,77,0
2026-07-29T15:25:17+08:00,2026-07-29T15:06:36+08:00,2026-07-29T15:15:00+08:00,47,8,77,0
2026-07-29T18:13:48+08:00,2026-07-29T18:11:13+08:00,2026-07-29T18:05:00+08:00,47,27,77,2
2026-07-29T20:24:23+08:00,2026-07-29T20:06:33+08:00,2026-07-29T20:15:00+08:00,47,0,77,0
2026-07-29T22:54:59+08:00,2026-07-29T22:36:30+08:00,2026-07-29T22:45:00+08:00,47,0,77,0
2026-07-30T00:36:13+08:00,2026-07-30T00:06:26+08:00,2026-07-30T00:20:00+08:00,47,0,77,0
2026-07-30T01:51:54+08:00,2026-07-30T01:36:02+08:00,2026-07-30T01:45:00+08:00,47,0,77,0
2026-07-30T02:45:41+08:00,2026-07-30T02:36:37+08:00,2026-07-30T02:35:00+08:00,47,0,77,0
2026-07-30T04:04:05+08:00,2026-07-30T03:36:36+08:00,2026-07-30T03:50:00+08:00,47,0,77,0
2026-07-30T05:08:52+08:00,2026-07-30T05:07:07+08:00,2026-07-30T05:00:00+08:00,47,0,77,0
2026-07-30T06:16:17+08:00,2026-07-30T06:05:50+08:00,2026-07-30T06:05:00+08:00,47,0,77,0
2026-07-30T07:17:43+08:00,2026-07-30T07:06:27+08:00,2026-07-30T07:10:00+08:00,47,0,77,0
2026-07-30T08:14:19+08:00,2026-07-30T08:06:27+08:00,2026-07-30T08:05:00+08:00,47,0,77,0
2026-07-30T11:35:25+08:00,2026-07-30T11:26:27+08:00,2026-07-30T11:25:00+08:00,47,32,77,6
2026-07-30T14:10:30+08:00,2026-07-30T14:06:27+08:00,2026-07-30T14:00:00+08:00,47,27,77,0
2026-07-30T17:07:39+08:00,2026-07-30T17:06:27+08:00,2026-07-30T17:00:00+08:00,47,6,77,0
2026-07-30T19:23:14+08:00,2026-07-30T19:06:28+08:00,2026-07-30T19:15:00+08:00,47,0,77,0
2026-07-30T21:10:39+08:00,2026-07-30T21:06:27+08:00,2026-07-30T21:00:00+08:00,47,0,77,0
2026-07-30T23:26:23+08:00,2026-07-30T23:06:27+08:00,2026-07-30T23:20:00+08:00,47,0,77,0
2026-07-31T01:05:51+08:00,2026-07-31T00:35:43+08:00,2026-07-31T00:55:00+08:00,47,0,77,0
2026-07-31T02:41:07+08:00,2026-07-31T02:35:37+08:00,2026-07-31T02:25:00+08:00,47,0,77,0
2026-07-31T04:06:53+08:00,2026-07-31T04:06:34+08:00,2026-07-31T04:00:00+08:00,47,0,77,0
2026-07-31T05:20:30+08:00,2026-07-31T05:06:29+08:00,2026-07-31T05:05:00+08:00,47,0,77,0
2026-07-31T06:31:08+08:00,2026-07-31T06:06:38+08:00,2026-07-31T06:20:00+08:00,47,0,77,0
2026-07-31T07:35:33+08:00,2026-07-31T07:06:29+08:00,2026-07-31T07:25:00+08:00,47,0,77,0
2026-07-31T09:09:45+08:00,2026-07-31T09:06:27+08:00,2026-07-31T09:00:00+08:00,47,0,77,0
2026-07-31T12:46:33+08:00,2026-07-31T12:36:38+08:00,2026-07-31T12:40:00+08:00,47,0,77,0
2026-07-31T15:38:53+08:00,2026-07-31T15:36:33+08:00,2026-07-31T15:30:00+08:00,47,7,77,1
2026-07-31T18:21:06+08:00,2026-07-31T18:06:31+08:00,2026-07-31T18:10:00+08:00,47,0,77,0
2026-07-31T20:23:11+08:00,2026-07-31T20:06:27+08:00,2026-07-31T20:15:00+08:00,47,0,77,0
2026-07-31T23:03:45+08:00,2026-07-31T22:36:27+08:00,2026-07-31T22:55:00+08:00,47,0,77,0
2026-08-01T00:52:03+08:00,2026-08-01T00:36:49+08:00,2026-08-01T00:40:00+08:00,47,0,77,0
2026-08-01T02:13:47+08:00,2026-08-01T02:06:34+08:00,2026-08-01T02:00:00+08:00,47,0,77,0
2026-08-01T03:57:02+08:00,2026-08-01T03:40:42+08:00,2026-08-01T03:45:00+08:00,47,0,77,0
2026-08-01T05:16:40+08:00,2026-08-01T05:05:46+08:00,2026-08-01T05:05:00+08:00,47,0,77,0
2026-08-01T06:17:24+08:00,2026-08-01T06:06:28+08:00,2026-08-01T06:10:00+08:00,47,47,77,0
2026-08-01T07:26:06+08:00,2026-08-01T07:06:27+08:00,2026-08-01T07:15:00+08:00,47,47,77,0
2026-08-01T09:08:01+08:00,2026-08-01T09:06:27+08:00,2026-08-01T09:00:00+08:00,47,10,77,0
2026-08-01T12:41:10+08:00,2026-08-01T12:36:27+08:00,2026-08-01T12:30:00+08:00,47,0,77,0
2026-08-01T15:17:43+08:00,2026-08-01T15:05:37+08:00,2026-08-01T15:10:00+08:00,47,15,77,0
2026-08-01T17:26:19+08:00,2026-08-01T17:16:27+08:00,2026-08-01T17:15:00+08:00,47,0,77,0
2026-08-01T19:03:25+08:00,2026-08-01T18:51:31+08:00,2026-08-01T18:55:00+08:00,47,8,77,0
2026-08-01T20:08:33+08:00,2026-08-01T20:06:33+08:00,2026-08-01T20:00:00+08:00,47,0,77,0
2026-08-01T22:00:20+08:00,2026-08-01T21:36:40+08:00,2026-08-01T21:50:00+08:00,47,0,77,0
2026-08-01T23:11:01+08:00,2026-08-01T23:06:26+08:00,2026-08-01T23:00:00+08:00,47,0,77,0
2026-08-02T00:16:15+08:00,2026-08-02T00:06:27+08:00,2026-08-02T00:00:00+08:00,47,0,77,0
2026-08-02T01:25:53+08:00,2026-08-02T01:17:42+08:00,2026-08-02T01:15:00+08:00,47,0,77,0
2026-08-02T02:33:07+08:00,2026-08-02T02:06:28+08:00,2026-08-02T02:25:00+08:00,47,0,77,0
2026-08-02T03:47:40+08:00,2026-08-02T03:36:24+08:00,2026-08-02T03:35:00+08:00,47,0,77,0
2026-08-02T04:36:03+08:00,2026-08-02T04:06:27+08:00,2026-08-02T04:25:00+08:00,47,0,77,0
2026-08-02T05:31:19+08:00,2026-08-02T05:05:45+08:00,2026-08-02T05:20:00+08:00,47,0,77,0
2026-08-02T06:31:22+08:00,2026-08-02T06:06:27+08:00,2026-08-02T06:20:00+08:00,47,0,77,0
2026-08-02T07:32:28+08:00,2026-08-02T07:06:27+08:00,2026-08-02T07:25:00+08:00,47,0,77,0
2026-08-02T09:09:58+08:00,2026-08-02T09:06:36+08:00,2026-08-02T09:00:00+08:00,47,0,77,0
2026-08-02T12:43:04+08:00,2026-08-02T12:36:33+08:00,2026-08-02T12:35:00+08:00,47,6,77,0
2026-08-02T15:22:38+08:00,2026-08-02T15:21:46+08:00,2026-08-02T15:15:00+08:00,47,28,77,4
2026-08-02T17:35:50+08:00,2026-08-02T17:06:29+08:00,2026-08-02T17:25:00+08:00,47,32,77,0
2026-08-02T19:04:43+08:00,2026-08-02T18:36:27+08:00,2026-08-02T18:55:00+08:00,47,0,77,0
2026-08-02T20:11:50+08:00,2026-08-02T20:06:27+08:00,2026-08-02T20:05:00+08:00,47,0,77,0
2026-08-02T22:02:02+08:00,2026-08-02T21:36:27+08:00,2026-08-02T21:55:00+08:00,47,0,77,0
2026-08-02T23:11:36+08:00,2026-08-02T23:06:38+08:00,2026-08-02T23:05:00+08:00,47,0,77,0
2026-08-03T00:16:39+08:00,2026-08-03T00:07:18+08:00,2026-08-03T00:10:00+08:00,47,0,77,0
2026-08-03T01:27:11+08:00,2026-08-03T01:07:09+08:00,2026-08-03T01:15:00+08:00,47,0,77,0
2026-08-03T02:34:25+08:00,2026-08-03T02:06:59+08:00,2026-08-03T02:20:00+08:00,47,0,77,0
2026-08-03T03:47:42+08:00,2026-08-03T03:36:27+08:00,2026-08-03T03:30:00+08:00,47,0,77,0
2026-08-03T04:38:05+08:00,2026-08-03T04:36:28+08:00,2026-08-03T04:30:00+08:00,47,0,77,0
2026-08-03T05:39:47+08:00,2026-08-03T05:36:42+08:00,2026-08-03T05:30:00+08:00,47,0,77,0
2026-08-03T06:41:16+08:00,2026-08-03T06:36:30+08:00,2026-08-03T06:30:00+08:00,47,0,77,0
2026-08-03T07:44:33+08:00,2026-08-03T07:36:27+08:00,2026-08-03T07:35:00+08:00,47,0,77,0
2026-08-03T09:18:06+08:00,2026-08-03T09:06:02+08:00,2026-08-03T09:10:00+08:00,47,0,77,0
2026-08-03T12:51:52+08:00,2026-08-03T12:36:45+08:00,2026-08-03T12:45:00+08:00,47,0,77,0
2026-08-03T16:16:38+08:00,2026-08-03T16:06:39+08:00,2026-08-03T16:10:00+08:00,47,0,77,0
2026-08-03T19:49:11+08:00,2026-08-03T19:36:43+08:00,2026-08-03T19:40:00+08:00,47,0,77,0
2026-08-03T22:05:30+08:00,2026-08-03T21:36:28+08:00,2026-08-03T21:55:00+08:00,47,0,77,0
2026-08-04T00:36:37+08:00,2026-08-04T00:05:40+08:00,2026-08-04T00:25:00+08:00,47,0,77,0
2026-08-04T02:22:57+08:00,2026-08-04T02:06:32+08:00,2026-08-04T02:15:00+08:00,47,0,77,0
2026-08-04T04:16:04+08:00,2026-08-04T04:07:19+08:00,2026-08-04T04:05:00+08:00,47,0,77,0
2026-08-04T05:33:22+08:00,2026-08-04T05:07:07+08:00,2026-08-04T05:25:00+08:00,47,0,77,0
2026-08-04T06:35:33+08:00,2026-08-04T06:05:54+08:00,2026-08-04T06:25:00+08:00,47,0,77,0
2026-08-04T07:42:37+08:00,2026-08-04T07:36:27+08:00,2026-08-04T07:30:00+08:00,47,3,77,0
2026-08-04T09:09:46+08:00,2026-08-04T09:06:33+08:00,2026-08-04T09:00:00+08:00,47,0,77,0
2026-08-04T12:33:17+08:00,2026-08-04T12:31:28+08:00,2026-08-04T12:25:00+08:00,47,21,77,0
2026-08-04T15:19:02+08:00,2026-08-04T15:06:28+08:00,2026-08-04T15:10:00+08:00,47,1,77,0
2026-08-04T18:02:57+08:00,2026-08-04T17:36:27+08:00,2026-08-04T17:55:00+08:00,47,0,77,0
2026-08-04T20:09:50+08:00,2026-08-04T20:06:27+08:00,2026-08-04T20:00:00+08:00,47,0,77,0
2026-08-04T22:43:48+08:00,2026-08-04T22:36:27+08:00,2026-08-04T22:35:00+08:00,47,0,77,0
2026-08-05T00:43:08+08:00,2026-08-05T00:36:27+08:00,2026-08-05T00:35:00+08:00,47,0,76,0
2026-08-05T02:19:15+08:00,2026-08-05T02:07:18+08:00,2026-08-05T02:10:00+08:00,47,0,77,0
2026-08-05T04:02:35+08:00,2026-08-05T03:37:27+08:00,2026-08-05T03:55:00+08:00,47,0,77,0
2026-08-05T05:22:03+08:00,2026-08-05T05:06:30+08:00,2026-08-05T05:10:00+08:00,47,0,77,0
2026-08-05T06:32:35+08:00,2026-08-05T06:06:27+08:00,2026-08-05T06:25:00+08:00,47,0,77,0
2026-08-05T07:36:01+08:00,2026-08-05T07:06:44+08:00,2026-08-05T07:25:00+08:00,47,0,77,0
2026-08-05T08:59:54+08:00,2026-08-05T08:36:27+08:00,2026-08-05T08:50:00+08:00,47,0,77,0
2026-08-05T12:19:34+08:00,2026-08-05T12:06:41+08:00,2026-08-05T12:10:00+08:00,47,0,77,0
2026-08-05T14:46:53+08:00,2026-08-05T14:37:11+08:00,2026-08-05T14:30:00+08:00,47,2,77,0
2026-08-05T17:27:45+08:00,2026-08-05T17:06:29+08:00,2026-08-05T17:20:00+08:00,47,0,77,0
2026-08-05T19:38:27+08:00,2026-08-05T19:36:28+08:00,2026-08-05T19:30:00+08:00,47,0,77,0
2026-08-05T21:24:59+08:00,2026-08-05T21:06:28+08:00,2026-08-05T21:15:00+08:00,47,0,77,0
2026-08-05T23:48:47+08:00,2026-08-05T23:36:28+08:00,2026-08-05T23:40:00+08:00,47,0,77,0
2026-08-06T01:13:56+08:00,2026-08-06T01:06:43+08:00,2026-08-06T01:05:00+08:00,47,0,77,0
2026-08-06T02:57:04+08:00,2026-08-06T02:40:55+08:00,2026-08-06T02:45:00+08:00,47,0,77,0
2026-08-06T04:37:07+08:00,2026-08-06T04:36:42+08:00,2026-08-06T04:30:00+08:00,47,0,77,0
2026-08-06T05:52:03+08:00,2026-08-06T05:36:31+08:00,2026-08-06T05:45:00+08:00,47,0,77,0
2026-08-06T06:45:24+08:00,2026-08-06T06:36:27+08:00,2026-08-06T06:35:00+08:00,47,0,77,0
2026-08-06T07:41:45+08:00,2026-08-06T07:36:27+08:00,2026-08-06T07:35:00+08:00,47,0,77,0
2026-08-06T09:08:29+08:00,2026-08-06T09:06:31+08:00,2026-08-06T09:00:00+08:00,47,0,77,0
2026-08-06T12:32:56+08:00,2026-08-06T12:31:46+08:00,2026-08-06T12:25:00+08:00,47,7,77,0
2026-08-06T15:21:05+08:00,2026-08-06T15:10:47+08:00,2026-08-06T15:10:00+08:00,47,5,77,0
2026-08-06T18:03:55+08:00,2026-08-06T17:46:27+08:00,2026-08-06T17:55:00+08:00,47,0,77,0
2026-08-06T20:11:24+08:00,2026-08-06T18:05:55+08:00,2026-08-06T17:55:00+08:00,47,0,77,0
2026-08-06T22:38:51+08:00,2026-08-06T22:36:24+08:00,2026-08-06T22:30:00+08:00,47,0,77,0
2026-08-07T08:18:48+08:00,2026-08-07T08:06:25+08:00,2026-08-07T08:10:00+08:00,47,0,77,0
2026-08-07T11:20:40+08:00,2026-08-07T11:06:33+08:00,2026-08-07T11:10:00+08:00,47,47,77,2
2026-08-07T13:08:28+08:00,2026-08-07T13:06:12+08:00,2026-08-07T13:00:00+08:00,47,0,77,0
2026-08-07T14:35:45+08:00,2026-08-07T14:35:37+08:00,2026-08-07T14:25:00+08:00,47,0,77,0
2026-08-07T15:55:01+08:00,2026-08-07T15:36:25+08:00,2026-08-07T15:45:00+08:00,47,0,77,0
2026-08-07T17:12:03+08:00,2026-08-07T17:05:41+08:00,2026-08-07T16:55:00+08:00,47,0,77,0
2026-08-07T18:14:30+08:00,2026-08-07T18:05:44+08:00,2026-08-07T18:05:00+08:00,47,0,77,0
2026-08-07T19:10:56+08:00,2026-08-07T19:06:25+08:00,2026-08-07T19:00:00+08:00,47,0,77,0
2026-08-07T20:00:43+08:00,2026-08-07T19:36:35+08:00,2026-08-07T19:45:00+08:00,47,0,77,0
2026-08-07T21:22:59+08:00,2026-08-07T21:06:34+08:00,2026-08-07T21:15:00+08:00,47,0,77,0
2026-08-07T22:34:06+08:00,2026-08-07T22:06:32+08:00,2026-08-07T22:25:00+08:00,47,0,77,0
2026-08-07T23:30:12+08:00,2026-08-07T23:06:34+08:00,2026-08-07T23:20:00+08:00,47,0,77,0
2026-08-08T00:27:53+08:00,2026-08-08T00:06:31+08:00,2026-08-08T00:15:00+08:00,47,0,77,0
2026-08-08T01:27:46+08:00,2026-08-08T01:06:31+08:00,2026-08-08T01:20:00+08:00,47,0,77,0
2026-08-08T02:26:21+08:00,2026-08-08T02:06:13+08:00,2026-08-08T02:10:00+08:00,47,0,77,0
2026-08-08T03:34:56+08:00,2026-08-08T03:07:00+08:00,2026-08-08T03:20:00+08:00,47,0,77,0
2026-08-08T04:17:49+08:00,2026-08-08T04:05:37+08:00,2026-08-08T04:10:00+08:00,47,0,77,0
2026-08-08T05:03:26+08:00,2026-08-08T04:37:19+08:00,2026-08-08T04:55:00+08:00,47,0,77,0
2026-08-08T05:51:03+08:00,2026-08-08T05:36:33+08:00,2026-08-08T05:40:00+08:00,47,0,77,0
2026-08-08T06:21:25+08:00,2026-08-08T06:06:35+08:00,2026-08-08T06:15:00+08:00,47,0,77,0
2026-08-08T07:00:09+08:00,2026-08-08T06:36:33+08:00,2026-08-08T06:50:00+08:00,47,0,77,0
2026-08-08T07:41:51+08:00,2026-08-08T07:36:33+08:00,2026-08-08T07:35:00+08:00,47,0,77,0
2026-08-08T08:33:50+08:00,2026-08-08T08:06:29+08:00,2026-08-08T08:25:00+08:00,47,0,77,0
2026-08-08T10:31:36+08:00,2026-08-08T10:06:33+08:00,2026-08-08T10:25:00+08:00,47,0,77,0
2026-08-08T11:53:14+08:00,2026-08-08T11:36:45+08:00,2026-08-08T11:45:00+08:00,47,0,77,0
2026-08-08T13:06:39+08:00,2026-08-08T12:36:25+08:00,2026-08-08T13:00:00+08:00,47,0,77,0
2026-08-08T13:53:07+08:00,2026-08-08T13:36:25+08:00,2026-08-08T13:45:00+08:00,47,0,77,0
2026-08-08T15:07:32+08:00,2026-08-08T15:06:25+08:00,2026-08-08T15:00:00+08:00,47,0,77,0
2026-08-08T16:03:18+08:00,2026-08-08T15:36:25+08:00,2026-08-08T15:55:00+08:00,47,0,77,0
2026-08-08T16:53:42+08:00,2026-08-08T16:36:45+08:00,2026-08-08T16:45:00+08:00,47,0,77,0
2026-08-08T17:48:51+08:00,2026-08-08T17:36:45+08:00,2026-08-08T17:40:00+08:00,47,0,77,0
2026-08-08T18:16:06+08:00,2026-08-08T18:05:42+08:00,2026-08-08T18:05:00+08:00,47,0,77,0
2026-08-08T18:54:19+08:00,2026-08-08T18:36:25+08:00,2026-08-08T18:45:00+08:00,47,0,77,0
2026-08-08T19:37:05+08:00,2026-08-08T19:36:26+08:00,2026-08-08T19:30:00+08:00,47,0,77,0
2026-08-08T19:59:16+08:00,2026-08-08T19:36:26+08:00,2026-08-08T19:50:00+08:00,47,0,77,0
2026-08-08T21:06:07+08:00,2026-08-08T20:36:33+08:00,2026-08-08T20:55:00+08:00,47,0,77,0
2026-08-08T21:53:19+08:00,2026-08-08T21:36:28+08:00,2026-08-08T21:45:00+08:00,47,0,77,0
2026-08-08T22:41:30+08:00,2026-08-08T22:36:25+08:00,2026-08-08T22:35:00+08:00,47,0,77,0
2026-08-08T23:13:02+08:00,2026-08-08T23:06:25+08:00,2026-08-08T23:00:00+08:00,47,0,77,0
2026-08-08T23:49:51+08:00,2026-08-08T23:35:43+08:00,2026-08-08T23:40:00+08:00,47,0,77,0
2026-08-09T00:14:36+08:00,2026-08-09T00:07:26+08:00,2026-08-09T00:05:00+08:00,47,0,77,0
2026-08-09T00:56:27+08:00,2026-08-09T00:36:25+08:00,2026-08-09T00:45:00+08:00,47,0,77,0
